{
  "project_info": {
    "project_number": "338060590948",
    "firebase_url": "https://fcm-sample-27c36.firebaseio.com",
    "project_id": "fcm-sample-27c36",
    "storage_bucket": "fcm-sample-27c36.appspot.com"
  },
  "client": [
    {
      "client_info": {
        "mobilesdk_app_id": "1:338060590948:android:3293c4827009382eed4471",
        "android_client_info": {
          "package_name": "com.example.fcmapp"
        }
      },
      "oauth_client": [
        {
          "client_id": "338060590948-89dvj8oqu5p2pj29d78qln8a42qmausb.apps.googleusercontent.com",
          "client_type": 3
        }
      ],
      "api_key": [
        {
          "current_key": "AIzaSyAAqrssnYL3yT2ClwOohLOU2KmT9voRQjQ"
        }
      ],
      "services": {
        "appinvite_service": {
          "other_platform_oauth_client": [
            {
              "client_id": "338060590948-89dvj8oqu5p2pj29d78qln8a42qmausb.apps.googleusercontent.com",
              "client_type": 3
            }
          ]
        }
      }
    },
    {
      "client_info": {
        "mobilesdk_app_id": "1:338060590948:android:bd35d238712f0036ed4471",
        "android_client_info": {
          "package_name": "com.example.service.lecture"
        }
      },
      "oauth_client": [
        {
          "client_id": "338060590948-89dvj8oqu5p2pj29d78qln8a42qmausb.apps.googleusercontent.com",
          "client_type": 3
        }
      ],
      "api_key": [
        {
          "current_key": "AIzaSyAAqrssnYL3yT2ClwOohLOU2KmT9voRQjQ"
        }
      ],
      "services": {
        "appinvite_service": {
          "other_platform_oauth_client": [
            {
              "client_id": "338060590948-89dvj8oqu5p2pj29d78qln8a42qmausb.apps.googleusercontent.com",
              "client_type": 3
            }
          ]
        }
      }
    }
  ],
  "configuration_version": "1"
}